Feature,Importance
URLSimilarityIndex,0.3889832634524282
NoOfExternalRef,0.2640447818506916
IsHTTPS,0.09927482644888003
NoOfOtherSpecialCharsInURL,0.053977708298038725
NoOfDegitsInURL,0.03229967912113462
DegitRatioInURL,0.031766529858895366
URLLength,0.031104271453536447
LetterRatioInURL,0.02400337487858758
SpacialCharRatioInURL,0.014007954571820051
NoOfLettersInURL,0.012516478216991365
URLCharProb,0.010680745988690777
CharContinuationRate,0.009884889327744072
Pay,0.007897970334858638
DomainLength,0.006358714671668364
NoOfSubDomain,0.005286166930753964
TLDLegitimateProb,0.004203601151193996
TLDLength,0.0015557808792941194
Bank,0.0009178893967335975
NoOfSelfRedirect,0.0005414108629664019
HasPasswordField,0.0002569177215746324
HasExternalFormSubmit,0.00017124480672189545
NoOfQMarkInURL,0.00012674115499904245
NoOfURLRedirect,6.181962498559321e-05
NoOfEqualsInURL,4.790796944642244e-05
Crypto,1.7099149795229647e-05
IsDomainIP,1.1300390850881903e-05
ObfuscationRatio,4.306648070003702e-07
NoOfAmpersandInURL,3.3712599767966907e-07
HasObfuscation,1.6369591386001086e-07
NoOfObfuscatedChar,0.0
